Workbook

Sheet Events
A1: EventID | B1: Event | C1: EventType | D1: EventCategory | E1: EventRanking | F1: Hall | G1: Skillset1 | H1: Skillset2 | I1: Employees | J1: Date | K1: ShiftBegins | L1: ShiftEnds
A2: 1 | B2: Upprás | C2: KL | D2: =_xlfn.XLOOKUP(C2,EventTypes!A:A,EventTypes!B:B,"") -> Basic | E2: =_xlfn.XLOOKUP(C2,EventTypes!A:A,EventTypes!D:D,"") -> 40 | F2: =_xlfn.XLOOKUP(C2,EventTypes!A:A,EventTypes!C:C,"") -> KL | G2: =_xlfn.XLOOKUP(C2,EventTypes!A:A,EventTypes!E:E,"") -> 0 | H2: =_xlfn.XLOOKUP(C2,EventTypes!A:A,EventTypes!F:F,"") -> 1 | I2: =_xlfn.XLOOKUP(C2,EventTypes!A:A,EventTypes!G:G,"") -> 2 | J2: 1.5.2024 | K2: 0.625 | L2: 0.75
A3: 8 | B3: Sígildir | C3: Sígildir | D3: =_xlfn.XLOOKUP(C3,EventTypes!A:A,EventTypes!B:B,"") -> Solo | E3: =_xlfn.XLOOKUP(C3,EventTypes!A:A,EventTypes!D:D,"") -> 80 | F3: =_xlfn.XLOOKUP(C3,EventTypes!A:A,EventTypes!C:C,"") -> NL | G3: =_xlfn.XLOOKUP(C3,EventTypes!A:A,EventTypes!E:E,"") -> 0 | H3: =_xlfn.XLOOKUP(C3,EventTypes!A:A,EventTypes!F:F,"") -> 0 | I3: =_xlfn.XLOOKUP(C3,EventTypes!A:A,EventTypes!G:G,"") -> 1 | J3: 7.5.2024 | K3: 0.66666667 | L3: 0.83333333
A4: 14 | B4: How to | C4: How To | D4: =_xlfn.XLOOKUP(C4,EventTypes!A:A,EventTypes!B:B,"") -> Solo | E4: =_xlfn.XLOOKUP(C4,EventTypes!A:A,EventTypes!D:D,"") -> 100 | F4: =_xlfn.XLOOKUP(C4,EventTypes!A:A,EventTypes!C:C,"") -> KL | G4: =_xlfn.XLOOKUP(C4,EventTypes!A:A,EventTypes!E:E,"") -> 0 | H4: =_xlfn.XLOOKUP(C4,EventTypes!A:A,EventTypes!F:F,"") -> 0 | I4: =_xlfn.XLOOKUP(C4,EventTypes!A:A,EventTypes!G:G,"") -> 1 | J4: 11.05.2024 | K4: 0.75 | L4: 0.83333333
A5: 30 | B5: Fatahengi | C5: Fatahengi | D5: =_xlfn.XLOOKUP(C5,EventTypes!A:A,EventTypes!B:B,"") -> Fatahengi | E5: =_xlfn.XLOOKUP(C5,EventTypes!A:A,EventTypes!D:D,"") -> 100 | F5: =_xlfn.XLOOKUP(C5,EventTypes!A:A,EventTypes!C:C,"") -> Fatahengi | G5: =_xlfn.XLOOKUP(C5,EventTypes!A:A,EventTypes!E:E,"") -> 0 | H5: =_xlfn.XLOOKUP(C5,EventTypes!A:A,EventTypes!F:F,"") -> 0 | I5: 2 | J5: 31.05.2024 | K5: 0.75 | L5: 0.91666667

Sheet Employees
A1: EmployeeID | B1: EmployeeName | C1: Skillset
A2: 1 | B2: Ásdís | C2: 1
A3: 2 | B3: Helgi | C3: 2
A4: 3 | B4: Össur | C4: 3

Sheet DaysOff
A1: EmployeeID | B1: 1.5.2024 | C1: 2.5.2024 | D1: 3.5.2024 | E1: 4.5.2024 | F1: 5.5.2024 | G1: 6.5.2024 | H1: 7.5.2024 | I1: 8.5.2024 | J1: 9.5.2024 | K1: 10.5.2024 | L1: 11.5.2024 | M1: 12.5.2024 | N1: 13.5.2024 | O1: 14.5.2024 | P1: 15.5.2024 | Q1: 16.5.2024 | R1: 17.5.2024 | S1: 18.5.2024 | T1: 19.5.2024 | U1: 20.5.2024 | V1: 21.5.2024 | W1: 22.5.2024 | X1: 23.5.2024 | Y1: 24.5.2024 | Z1: 25.5.2024 | AA1: 26.5.2024 | AB1: 27.5.2024 | AC1: 28.5.2024 | AD1: 29.5.2024 | AE1: 30.5.204 | AF1: 31.5.2024
A2: 1 | C2: 1 | D2: 1 | E2: 1
A3: 2 | J3: 1
A4: 3

Sheet EventReq
A1: Event | B1: Date | C1: Ásdís | D1: Helgi | E1: Össur
A2: Upprás | B2: 1.5.2024
A3: Sígildir | B3: 5.5.2024 | C3: x
A4: How to | B4: 11.05.2024
A5: Fatahengi | B5: 31.05.2024

Sheet ScoreKeys
A1: RuleType | B1: Key | C1: Score
A2: Weekend | B2: 0 | C2: 50
A3: Weekend | B3: 1 | C3: 30
A4: Weekend | B4: 2 | C4: 15
A5: Weekend | B5: 3 | C5: -10
A6: Weekend | B6: 4 | C6: -50
A7: Weekend_last_period | B7: 0 | C7: 50
A8: Weekend_last_period | B8: 1 | C8: 25
A9: Weekend_last_period | B9: 2 | C9: 0
A10: Weekend_last_period | B10: 3 | C10: -25
A11: Weekend_last_period | B11: 4 | C11: -50
A12: Weekend_last_period | B12: 5 | C12: -60
A13: Hall | B13: 0 | C13: 20
... A26: Shifs_this_length | B26: 1 | C26: -1
A27: Shifs_this_length | B27: 2 | C27: =+C26*2 -> -2
A28: Shifs_this_length | B28: 3 | C28: =+C27*2 -> -4
A29: Shifs_this_length | B29: 4 | C29: =+C28*2 -> -8
A30: Shift_over_six_hours | B30: 1 | C30: -50
A31: Req_this_shift | B31: 1 | C31: 65
A32: Category | B32: 0 | C32: 20
A33: Category | B33: 1 | C33: 0
A34: Category | B34: 2 | C34: -20
A35: Category | B35: 3 | C35: -60
A36: Category | B36: 4 | C36: -100

Sheet SkillsetScores
A1: ReqSkillset | B1: EmpSkillset | C1: Score
A2: 1 | B2: 3 | C2: -1000
A3: 1 | B3: 2 | C3: -1000
A4: 2 | B4: 3 | C4: -200
A5: 2 | B5: 1 | C5: -50
A6: 3 | B6: 3 | C6: 100
A7: 2 | B7: 2 | C7: 100
A8: 1 | B8: 1 | C8: 100
A9: 3 | B9: 2 | C9: -200
A10: 3 | B10: 1 | C10: -200

Sheet EventTypes
A1: EventType | B1: EventCategory | C1: Hall | D1: EventRanking | E1: Skillset1 | F1: Skillset2 | G1: Employees
A2: Múlinn | B2: Solo | C2: BL | D2: 90 | E2: 0 | F2: 0 | G2: 1
A3: Barna EB | B3: Barna | C3: EB | D3: 70 | E3: 1 | F3: 2 | G3: 11
A4: Barna KL | B4: Barna | C4: KL | D4: 80 | E4: 0 | F4: 1 | G4: 2
A5: Sinfó | B5: Basic | C5: EB | D5: 50 | E5: 1 | F5: 3 | G5: 11
A6: EB | B6: Basic | C6: EB | D6: 70 | E6: 1 | F6: 4 | G6: 11
A7: How To | B7: Solo | C7: KL | D7: 100 | E7: 0 | F7: 0 | G7: 1
A8: Partý SB | B8: Party | C8: SB | D8: 70 | E8: 1 | F8: 2 | G8: 5
A9: Sígildir | B9: Solo | C9: NL | D9: 80 | E9: 0 | F9: 0 | G9: 1
A10: Partý EB | B10: Party | C10: EB | D10: 50 | E10: 1 | F10: 6 | G10: 11
A11: Fatahengi | B11: Fatahengi | C11: Fatahengi | D11: 100 | E11: 0 | F11: 0 | G11: 0
A12: SB | B12: Basic | C12: SB | D12: 80 | E12: 1 | F12: 1 | G12: 3
A13: KL | B13: Basic | C13: KL | D13: 40 | E13: 0 | F13: 1 | G13: 2
... A16: HH | B16: Solo | C16: HH | D16: 60 | E16: 0 | F16: 0 | G16: 1

Sheet Score krass
A1: Mínus | E1: RuleType | F1: Key | G1: Score
A2: Helgi, kominn með aðra helgi | B2: Ef þú ert ekki kominn með neina vakt um helgi | C2: 50 | E2: Weekend | F2: 0 | G2: 50
B3: Ef þú ert kominn með 1 helgi | C3: 30 | E3: Weekend | F3: 1 | G3: 30
B4: Ef þú ert kominn með 2 helgar | C4: 15 | E4: Weekend | F4: 2 | G4: 15
B5: Ef þú ert kominn með 3 helgar | C5: -10 | E5: Weekend | F5: 3 | G5: -10
B6: Ef þú ert kominn með 4 helgar | C6: -50 | E6: Weekend | F6: 4 | G6: -50
E7: Weekend_last_period | F7: 0 | G7: 50
A8: Helgi, var með helgi síðast | B8: Ef þú varst með 1 helgi | C8: 50 | E8: Weekend_last_period | F8: 1 | G8: 25
B9: Ef þú varst með 2 helgar | C9: 25 | E9: Weekend_last_period | F9: 2 | G9: 0
B10: Ef þú varst með 3 helgar | C10: 0 | E10: Weekend_last_period | F10: 3 | G10: -25
B11: Ef þú varst með 4 helgar | C11: -25 | E11: Weekend_last_period | F11: 4 | G11: -50
B12: Ef þú varst með 5 helgar | C12: -50 | E12: Weekend_last_period | F12: 5 | G12: -60
E13: Hall | F13: 1 | G13: 20
A14: Salur | B14: Ef þú ert búinn að fá 1 vakt í þessum sal á tímabilinu | C14: 20 | E14: Hall | F14: 2 | G14: 10
B15: Ef þú ert búinn að fá 2 vaktir í þessum sal á tímabilinu | C15: 10 | E15: Hall | F15: 3 | G15: 0
B16: Ef þú ert búinn að fá 3 vaktir í þessum sal á tímabilinu | C16: 0 | E16: Hall | F16: 4 | G16: -10
B17: Ef þú ert búinn að fá 4 vaktir í þessum sal á tímabilinu | C17: -10 | E17: Hall | F17: 5 | G17: -20
B18: Ef þú ert búinn að fá 5 vaktir í þessum sal á tímabilinu | C18: -20 | E18: Hall | F18: 5 | G18: -20
E19: Shifts_this_week | F19: 1 | G19: -10
A20: Vika | B20: Ef þú ert búinn að fá 1 vakt í þessari viku | C20: -10 | E20: Shifts_this_week | F20: 2 | G20: -20
B21: Ef þú ert búinn að fá 2 vaktir í þessari viku | C21: =+C20*2 -> -20 | E21: Shifts_this_week | F21: 3 | G21: -40
B22: Ef þú ert búinn að fá 3 vaktir í þessari viku | C22: =+C21*2 -> -40 | E22: Shifts_this_week | F22: 4 | G22: -80
B23: Ef þú ert búinn að fá 4 vaktir í þessari viku | C23: =+C22*2 -> -80 | E23: Shifts_this_week | F23: 5 | G23: -160
B24: Ef þú ert búinn að fá 5 vaktir í þessari viku | C24: =+C23*2 -> -160 | E24: Shifs_this_length | F24: 1 | G24: -1
E25: Shifs_this_length | F25: 2 | G25: =+G24*2 -> -2
A26: Hvað hún er löng | B26: Ef þú ert búinn að fá 1 vakt með þessa lengd | C26: -1 | E26: Shifs_this_length | F26: 3 | G26: =+G25*2 -> -4
B27: Ef þú ert búinn að fá 2 vaktir með þessa lengd | C27: =+C26*2 -> -2 | E27: Shifs_this_length | F27: 4 | G27: =+G26*2 -> -8
B28: Ef þú ert búinn að fá 3 vaktir með þessa lengd | C28: =+C27*2 -> -4 | E28: Shift_over_six_hours | F28: 1 | G28: -50
B29: Ef þú ert búinn að fá 4 vaktir með þessa lengd | C29: =+C28*2 -> -8
A31: Langar vaktir | B31: Ef þú ert búinn að fá vakt á þessu tímabili sem er lengri en 6 klst. | C31: -50
A33: Með hverjum?
A35: Skillset | B35: Ef þarf skillset 1 en þú ert ekki | C35: -1000
B36: Ef þarf skillset 2 en þú ert 3 | C36: -200
B37: Ef þarf skillset 2 en þú ert 1 | C37: -50
B38: Ef þarf skillset 1 og þú ert | C38: 1000
B39: Ef þarf skillset 2 og þú ert | C39: 100
B40: Ef þarf skillset 3 og þú ert | C40: 100
B41: Ef þarf skillset 3 og þú ert 1 eða 2 | C41: -200
