Workbook

Sheet Events
A1: EventID | B1: Event | C1: EventType | D1: EventCategory | E1: EventRanking | F1: Hall | G1: Skillset1 | H1: Skillset2 | I1: Employees | J1: Date | K1: ShiftBegins | L1: ShiftEnds
A2: 1 | B2: Upprás | C2: KL | D2: =_xlfn.XLOOKUP(C2,EventTypes!A:A,EventTypes!B:B,"") -> Basic | E2: =_xlfn.XLOOKUP(C2,EventTypes!A:A,EventTypes!D:D,"") -> 40 | F2: =_xlfn.XLOOKUP(C2,EventTypes!A:A,EventTypes!C:C,"") -> KL | G2: =_xlfn.XLOOKUP(C2,EventTypes!A:A,EventTypes!E:E,"") -> 0 | H2: =_xlfn.XLOOKUP(C2,EventTypes!A:A,EventTypes!F:F,"") -> 1 | I2: =_xlfn.XLOOKUP(C2,EventTypes!A:A,EventTypes!G:G,"") -> 2 | J2: 1.5.2024 | K2: 0.625 | L2: 0.75
A3: 2 | B3: How to | C3: How To | D3: =_xlfn.XLOOKUP(C3,EventTypes!A:A,EventTypes!B:B,"") -> Solo | E3: =_xlfn.XLOOKUP(C3,EventTypes!A:A,EventTypes!D:D,"") -> 100 | F3: =_xlfn.XLOOKUP(C3,EventTypes!A:A,EventTypes!C:C,"") -> KL | G3: =_xlfn.XLOOKUP(C3,EventTypes!A:A,EventTypes!E:E,"") -> 0 | H3: =_xlfn.XLOOKUP(C3,EventTypes!A:A,EventTypes!F:F,"") -> 0 | I3: =_xlfn.XLOOKUP(C3,EventTypes!A:A,EventTypes!G:G,"") -> 1 | J3: 1.5.2024 | K3: 0.79166667 | L3: 0.91666667
A4: 3 | B4: MúsikTilraunir | C4: NL | D4: =_xlfn.XLOOKUP(C4,EventTypes!A:A,EventTypes!B:B,"") -> Basic | E4: =_xlfn.XLOOKUP(C4,EventTypes!A:A,EventTypes!D:D,"") -> 80 | F4: =_xlfn.XLOOKUP(C4,EventTypes!A:A,EventTypes!C:C,"") -> NL | G4: =_xlfn.XLOOKUP(C4,EventTypes!A:A,EventTypes!E:E,"") -> 1 | H4: =_xlfn.XLOOKUP(C4,EventTypes!A:A,EventTypes!F:F,"") -> 0 | I4: =_xlfn.XLOOKUP(C4,EventTypes!A:A,EventTypes!G:G,"") -> 3 | J4: 1.5.2024 | K4: 0.79166667 | L4: 0.91666667
A5: 4 | B5: MúsikTilraunir | C5: NL | D5: =_xlfn.XLOOKUP(C5,EventTypes!A:A,EventTypes!B:B,"") -> Basic | E5: =_xlfn.XLOOKUP(C5,EventTypes!A:A,EventTypes!D:D,"") -> 80 | F5: =_xlfn.XLOOKUP(C5,EventTypes!A:A,EventTypes!C:C,"") -> NL | G5: =_xlfn.XLOOKUP(C5,EventTypes!A:A,EventTypes!E:E,"") -> 1 | H5: =_xlfn.XLOOKUP(C5,EventTypes!A:A,EventTypes!F:F,"") -> 0 | I5: =_xlfn.XLOOKUP(C5,EventTypes!A:A,EventTypes!G:G,"") -> 3 | J5: 2.5.2024 | K5: 0.79166667 | L5: 0.91666667
A6: 5 | B6: MúsikTilraunir | C6: KL | D6: =_xlfn.XLOOKUP(C6,EventTypes!A:A,EventTypes!B:B,"") -> Basic | E6: =_xlfn.XLOOKUP(C6,EventTypes!A:A,EventTypes!D:D,"") -> 40 | F6: =_xlfn.XLOOKUP(C6,EventTypes!A:A,EventTypes!C:C,"") -> KL | G6: =_xlfn.XLOOKUP(C6,EventTypes!A:A,EventTypes!E:E,"") -> 0 | H6: =_xlfn.XLOOKUP(C6,EventTypes!A:A,EventTypes!F:F,"") -> 1 | I6: =_xlfn.XLOOKUP(C6,EventTypes!A:A,EventTypes!G:G,"") -> 2 | J6: 3.5.2024 | K6: 0.79166667 | L6: 0.91666667
A7: 6 | B7: Krakka Sinfó | C7: Barna EB | D7: =_xlfn.XLOOKUP(C7,EventTypes!A:A,EventTypes!B:B,"") -> Barna | E7: =_xlfn.XLOOKUP(C7,EventTypes!A:A,EventTypes!D:D,"") -> 70 | F7: =_xlfn.XLOOKUP(C7,EventTypes!A:A,EventTypes!C:C,"") -> EB | G7: =_xlfn.XLOOKUP(C7,EventTypes!A:A,EventTypes!E:E,"") -> 1 | H7: =_xlfn.XLOOKUP(C7,EventTypes!A:A,EventTypes!F:F,"") -> 2 | I7: =_xlfn.XLOOKUP(C7,EventTypes!A:A,EventTypes!G:G,"") -> 11 | J7: 4.5.2024 | K7: 0.58333333 | L7: 0.75
A8: 7 | B8: How to | C8: How To | D8: =_xlfn.XLOOKUP(C8,EventTypes!A:A,EventTypes!B:B,"") -> Solo | E8: =_xlfn.XLOOKUP(C8,EventTypes!A:A,EventTypes!D:D,"") -> 100 | F8: =_xlfn.XLOOKUP(C8,EventTypes!A:A,EventTypes!C:C,"") -> KL | G8: =_xlfn.XLOOKUP(C8,EventTypes!A:A,EventTypes!E:E,"") -> 0 | H8: =_xlfn.XLOOKUP(C8,EventTypes!A:A,EventTypes!F:F,"") -> 0 | I8: =_xlfn.XLOOKUP(C8,EventTypes!A:A,EventTypes!G:G,"") -> 1 | J8: 4.5.2024 | K8: 0.75 | L8: 0.91666667
A9: 8 | B9: Sígildir | C9: Sígildir | D9: =_xlfn.XLOOKUP(C9,EventTypes!A:A,EventTypes!B:B,"") -> Solo | E9: =_xlfn.XLOOKUP(C9,EventTypes!A:A,EventTypes!D:D,"") -> 80 | F9: =_xlfn.XLOOKUP(C9,EventTypes!A:A,EventTypes!C:C,"") -> NL | G9: =_xlfn.XLOOKUP(C9,EventTypes!A:A,EventTypes!E:E,"") -> 0 | H9: =_xlfn.XLOOKUP(C9,EventTypes!A:A,EventTypes!F:F,"") -> 0 | I9: =_xlfn.XLOOKUP(C9,EventTypes!A:A,EventTypes!G:G,"") -> 1 | J9: 5.5.2024 | K9: 0.66666667 | L9: 0.83333333
A10: 9 | B10: K&B | C10: Barna KL | D10: =_xlfn.XLOOKUP(C10,EventTypes!A:A,EventTypes!B:B,"") -> Barna | E10: =_xlfn.XLOOKUP(C10,EventTypes!A:A,EventTypes!D:D,"") -> 80 | F10: =_xlfn.XLOOKUP(C10,EventTypes!A:A,EventTypes!C:C,"") -> KL | G10: =_xlfn.XLOOKUP(C10,EventTypes!A:A,EventTypes!E:E,"") -> 0 | H10: =_xlfn.XLOOKUP(C10,EventTypes!A:A,EventTypes!F:F,"") -> 1 | I10: =_xlfn.XLOOKUP(C10,EventTypes!A:A,EventTypes!G:G,"") -> 2 | J10: 5.5.2024 | K10: 0.5 | L10: 0.66666667
A11: 10 | B11: Múlinn | C11: Múlinn | D11: =_xlfn.XLOOKUP(C11,EventTypes!A:A,EventTypes!B:B,"") -> Solo | E11: =_xlfn.XLOOKUP(C11,EventTypes!A:A,EventTypes!D:D,"") -> 90 | F11: =_xlfn.XLOOKUP(C11,EventTypes!A:A,EventTypes!C:C,"") -> BL | G11: =_xlfn.XLOOKUP(C11,EventTypes!A:A,EventTypes!E:E,"") -> 0 | H11: =_xlfn.XLOOKUP(C11,EventTypes!A:A,EventTypes!F:F,"") -> 0 | I11: =_xlfn.XLOOKUP(C11,EventTypes!A:A,EventTypes!G:G,"") -> 1 | J11: 8.5.2024 | K11: 0.79166667 | L11: 0.91666667
A12: 11 | B12: Sinfó | C12: Sinfó | D12: =_xlfn.XLOOKUP(C12,EventTypes!A:A,EventTypes!B:B,"") -> Basic | E12: =_xlfn.XLOOKUP(C12,EventTypes!A:A,EventTypes!D:D,"") -> 50 | F12: =_xlfn.XLOOKUP(C12,EventTypes!A:A,EventTypes!C:C,"") -> EB | G12: =_xlfn.XLOOKUP(C12,EventTypes!A:A,EventTypes!E:E,"") -> 1 | H12: =_xlfn.XLOOKUP(C12,EventTypes!A:A,EventTypes!F:F,"") -> 3 | I12: =_xlfn.XLOOKUP(C12,EventTypes!A:A,EventTypes!G:G,"") -> 11 | J12: 9.5.2024 | K12: 0.77083333 | L12: 0.91666667
A13: 12 | B13: ABBA | C13: Partý EB | D13: =_xlfn.XLOOKUP(C13,EventTypes!A:A,EventTypes!B:B,"") -> Party | E13: =_xlfn.XLOOKUP(C13,EventTypes!A:A,EventTypes!D:D,"") -> 50 | F13: =_xlfn.XLOOKUP(C13,EventTypes!A:A,EventTypes!C:C,"") -> EB | G13: =_xlfn.XLOOKUP(C13,EventTypes!A:A,EventTypes!E:E,"") -> 1 | H13: =_xlfn.XLOOKUP(C13,EventTypes!A:A,EventTypes!F:F,"") -> 6 | I13: =_xlfn.XLOOKUP(C13,EventTypes!A:A,EventTypes!G:G,"") -> 11 | J13: 10.5.2024 | K13: 0.79166667 | L13: 0.95833333
... A17: 16 | B17: Sígildir | C17: Sígildir | D17: =_xlfn.XLOOKUP(C17,EventTypes!A:A,EventTypes!B:B,"") -> Solo | E17: =_xlfn.XLOOKUP(C17,EventTypes!A:A,EventTypes!D:D,"") -> 80 | F17: =_xlfn.XLOOKUP(C17,EventTypes!A:A,EventTypes!C:C,"") -> NL | G17: =_xlfn.XLOOKUP(C17,EventTypes!A:A,EventTypes!E:E,"") -> 0 | H17: =_xlfn.XLOOKUP(C17,EventTypes!A:A,EventTypes!F:F,"") -> 0 | I17: =_xlfn.XLOOKUP(C17,EventTypes!A:A,EventTypes!G:G,"") -> 1 | J17: 12.05.2024 | K17: 0.79166667 | L17: 0.91666667
A18: 17 | B18: Fatahengi | C18: Fatahengi | D18: =_xlfn.XLOOKUP(C18,EventTypes!A:A,EventTypes!B:B,"") -> Fatahengi | E18: =_xlfn.XLOOKUP(C18,EventTypes!A:A,EventTypes!D:D,"") -> 100 | F18: =_xlfn.XLOOKUP(C18,EventTypes!A:A,EventTypes!C:C,"") -> Fatahengi | G18: =_xlfn.XLOOKUP(C18,EventTypes!A:A,EventTypes!E:E,"") -> 0 | H18: =_xlfn.XLOOKUP(C18,EventTypes!A:A,EventTypes!F:F,"") -> 0 | I18: 2 | J18: 13.05.2024 | K18: 0.77083333 | L18: 0.95833333
A19: 18 | B19: Fatahengi | C19: Fatahengi | D19: =_xlfn.XLOOKUP(C19,EventTypes!A:A,EventTypes!B:B,"") -> Fatahengi | E19: =_xlfn.XLOOKUP(C19,EventTypes!A:A,EventTypes!D:D,"") -> 100 | F19: =_xlfn.XLOOKUP(C19,EventTypes!A:A,EventTypes!C:C,"") -> Fatahengi | G19: =_xlfn.XLOOKUP(C19,EventTypes!A:A,EventTypes!E:E,"") -> 0 | H19: =_xlfn.XLOOKUP(C19,EventTypes!A:A,EventTypes!F:F,"") -> 0 | I19: 1 | J19: 14.05.2024 | K19: 0.77083333 | L19: 0.95833333
A20: 19 | B20: Sinfó | C20: Sinfó | D20: =_xlfn.XLOOKUP(C20,EventTypes!A:A,EventTypes!B:B,"") -> Basic | E20: =_xlfn.XLOOKUP(C20,EventTypes!A:A,EventTypes!D:D,"") -> 50 | F20: =_xlfn.XLOOKUP(C20,EventTypes!A:A,EventTypes!C:C,"") -> EB | G20: =_xlfn.XLOOKUP(C20,EventTypes!A:A,EventTypes!E:E,"") -> 1 | H20: =_xlfn.XLOOKUP(C20,EventTypes!A:A,EventTypes!F:F,"") -> 3 | I20: =_xlfn.XLOOKUP(C20,EventTypes!A:A,EventTypes!G:G,"") -> 11 | J20: 16.05.2024 | K20: 0.77083333 | L20: 0.91666667
A21: 20 | B21: How to | C21: How To | D21: =_xlfn.XLOOKUP(C21,EventTypes!A:A,EventTypes!B:B,"") -> Solo | E21: =_xlfn.XLOOKUP(C21,EventTypes!A:A,EventTypes!D:D,"") -> 100 | F21: =_xlfn.XLOOKUP(C21,EventTypes!A:A,EventTypes!C:C,"") -> KL | G21: =_xlfn.XLOOKUP(C21,EventTypes!A:A,EventTypes!E:E,"") -> 0 | H21: =_xlfn.XLOOKUP(C21,EventTypes!A:A,EventTypes!F:F,"") -> 0 | I21: =_xlfn.XLOOKUP(C21,EventTypes!A:A,EventTypes!G:G,"") -> 1 | J21: 17.05.2024 | K21: 0.79166667 | L21: 0.91666667
A22: 21 | B22: Abba | C22: Partý EB | D22: =_xlfn.XLOOKUP(C22,EventTypes!A:A,EventTypes!B:B,"") -> Party | E22: =_xlfn.XLOOKUP(C22,EventTypes!A:A,EventTypes!D:D,"") -> 50 | F22: =_xlfn.XLOOKUP(C22,EventTypes!A:A,EventTypes!C:C,"") -> EB | G22: =_xlfn.XLOOKUP(C22,EventTypes!A:A,EventTypes!E:E,"") -> 1 | H22: =_xlfn.XLOOKUP(C22,EventTypes!A:A,EventTypes!F:F,"") -> 6 | I22: =_xlfn.XLOOKUP(C22,EventTypes!A:A,EventTypes!G:G,"") -> 11 | J22: 18.05.2024 | K22: 0.41666667 | L22: 0.58333333
A23: 22 | B23: Sígildir | C23: Sígildir | D23: =_xlfn.XLOOKUP(C23,EventTypes!A:A,EventTypes!B:B,"") -> Solo | E23: =_xlfn.XLOOKUP(C23,EventTypes!A:A,EventTypes!D:D,"") -> 80 | F23: =_xlfn.XLOOKUP(C23,EventTypes!A:A,EventTypes!C:C,"") -> NL | G23: =_xlfn.XLOOKUP(C23,EventTypes!A:A,EventTypes!E:E,"") -> 0 | H23: =_xlfn.XLOOKUP(C23,EventTypes!A:A,EventTypes!F:F,"") -> 0 | I23: =_xlfn.XLOOKUP(C23,EventTypes!A:A,EventTypes!G:G,"") -> 1 | J23: 19.05.2024 | K23: 0.5 | L23: 0.66666667
A24: 23 | B24: Upprás | C24: KL | D24: =_xlfn.XLOOKUP(C24,EventTypes!A:A,EventTypes!B:B,"") -> Basic | E24: =_xlfn.XLOOKUP(C24,EventTypes!A:A,EventTypes!D:D,"") -> 40 | F24: =_xlfn.XLOOKUP(C24,EventTypes!A:A,EventTypes!C:C,"") -> KL | G24: =_xlfn.XLOOKUP(C24,EventTypes!A:A,EventTypes!E:E,"") -> 0 | H24: =_xlfn.XLOOKUP(C24,EventTypes!A:A,EventTypes!F:F,"") -> 1 | I24: =_xlfn.XLOOKUP(C24,EventTypes!A:A,EventTypes!G:G,"") -> 2 | J24: 19.05.2024 | K24: 0.83333333 | L24: 0.95833333
A25: 24 | B25: Krakka Sinfó | C25: Barna EB | D25: =_xlfn.XLOOKUP(C25,EventTypes!A:A,EventTypes!B:B,"") -> Barna | E25: =_xlfn.XLOOKUP(C25,EventTypes!A:A,EventTypes!D:D,"") -> 70 | F25: =_xlfn.XLOOKUP(C25,EventTypes!A:A,EventTypes!C:C,"") -> EB | G25: =_xlfn.XLOOKUP(C25,EventTypes!A:A,EventTypes!E:E,"") -> 1 | H25: =_xlfn.XLOOKUP(C25,EventTypes!A:A,EventTypes!F:F,"") -> 2 | I25: =_xlfn.XLOOKUP(C25,EventTypes!A:A,EventTypes!G:G,"") -> 11 | J25: 20.05.2024 | K25: 0.75 | L25: 0.875
A26: 25 | B26: Múlinn | C26: Múlinn | D26: =_xlfn.XLOOKUP(C26,EventTypes!A:A,EventTypes!B:B,"") -> Solo | E26: =_xlfn.XLOOKUP(C26,EventTypes!A:A,EventTypes!D:D,"") -> 90 | F26: =_xlfn.XLOOKUP(C26,EventTypes!A:A,EventTypes!C:C,"") -> BL | G26: =_xlfn.XLOOKUP(C26,EventTypes!A:A,EventTypes!E:E,"") -> 0 | H26: =_xlfn.XLOOKUP(C26,EventTypes!A:A,EventTypes!F:F,"") -> 0 | I26: =_xlfn.XLOOKUP(C26,EventTypes!A:A,EventTypes!G:G,"") -> 1 | J26: 23.05.2024 | K26: 0.79166667 | L26: 0.91666667
A27: 26 | B27: Fatahengi | C27: Fatahengi | D27: =_xlfn.XLOOKUP(C27,EventTypes!A:A,EventTypes!B:B,"") -> Fatahengi | E27: =_xlfn.XLOOKUP(C27,EventTypes!A:A,EventTypes!D:D,"") -> 100 | F27: =_xlfn.XLOOKUP(C27,EventTypes!A:A,EventTypes!C:C,"") -> Fatahengi | G27: =_xlfn.XLOOKUP(C27,EventTypes!A:A,EventTypes!E:E,"") -> 0 | H27: =_xlfn.XLOOKUP(C27,EventTypes!A:A,EventTypes!F:F,"") -> 0 | I27: 3 | J27: 24.05.2024 | K27: 0.83333333 | L27: 0
A28: 27 | B28: Maxi | C28: Barna EB | D28: =_xlfn.XLOOKUP(C28,EventTypes!A:A,EventTypes!B:B,"") -> Barna | E28: =_xlfn.XLOOKUP(C28,EventTypes!A:A,EventTypes!D:D,"") -> 70 | F28: =_xlfn.XLOOKUP(C28,EventTypes!A:A,EventTypes!C:C,"") -> EB | G28: =_xlfn.XLOOKUP(C28,EventTypes!A:A,EventTypes!E:E,"") -> 1 | H28: =_xlfn.XLOOKUP(C28,EventTypes!A:A,EventTypes!F:F,"") -> 2 | I28: =_xlfn.XLOOKUP(C28,EventTypes!A:A,EventTypes!G:G,"") -> 11 | J28: 25.05.2024 | K28: 0.5 | L28: 0.66666667
A29: 28 | B29: Krakka Sinfó | C29: Barna EB | D29: =_xlfn.XLOOKUP(C29,EventTypes!A:A,EventTypes!B:B,"") -> Barna | E29: =_xlfn.XLOOKUP(C29,EventTypes!A:A,EventTypes!D:D,"") -> 70 | F29: =_xlfn.XLOOKUP(C29,EventTypes!A:A,EventTypes!C:C,"") -> EB | G29: =_xlfn.XLOOKUP(C29,EventTypes!A:A,EventTypes!E:E,"") -> 1 | H29: =_xlfn.XLOOKUP(C29,EventTypes!A:A,EventTypes!F:F,"") -> 2 | I29: =_xlfn.XLOOKUP(C29,EventTypes!A:A,EventTypes!G:G,"") -> 11 | J29: 26.05.2024 | K29: 0.5 | L29: 0.58333333
A30: 29 | B30: Múlinn | C30: Múlinn | D30: =_xlfn.XLOOKUP(C30,EventTypes!A:A,EventTypes!B:B,"") -> Solo | E30: =_xlfn.XLOOKUP(C30,EventTypes!A:A,EventTypes!D:D,"") -> 90 | F30: =_xlfn.XLOOKUP(C30,EventTypes!A:A,EventTypes!C:C,"") -> BL | G30: =_xlfn.XLOOKUP(C30,EventTypes!A:A,EventTypes!E:E,"") -> 0 | H30: =_xlfn.XLOOKUP(C30,EventTypes!A:A,EventTypes!F:F,"") -> 0 | I30: =_xlfn.XLOOKUP(C30,EventTypes!A:A,EventTypes!G:G,"") -> 1 | J30: 30.05.2024 | K30: 0.79166667 | L30: 0.91666667
A31: 30 | B31: Fatahengi | C31: Fatahengi | D31: =_xlfn.XLOOKUP(C31,EventTypes!A:A,EventTypes!B:B,"") -> Fatahengi | E31: =_xlfn.XLOOKUP(C31,EventTypes!A:A,EventTypes!D:D,"") -> 100 | F31: =_xlfn.XLOOKUP(C31,EventTypes!A:A,EventTypes!C:C,"") -> Fatahengi | G31: =_xlfn.XLOOKUP(C31,EventTypes!A:A,EventTypes!E:E,"") -> 0 | H31: =_xlfn.XLOOKUP(C31,EventTypes!A:A,EventTypes!F:F,"") -> 0 | I31: 2 | J31: 31.05.2024 | K31: 0.75 | L31: 0.91666667

Sheet Employees
A1: EmployeeID | B1: EmployeeName | C1: Skillset
A2: 1 | B2: Ásdís | C2: 3
A3: 2 | B3: Helgi | C3: 3
A4: 3 | B4: Össur | C4: 3
A5: 4 | B5: Thelma | C5: 3
A6: 5 | B6: Pétur | C6: 2
A7: 6 | B7: Unnur | C7: 2
A8: 7 | B8: Harpa | C8: 2
A9: 8 | B9: Vala | C9: 2
A10: 9 | B10: Freyja | C10: 2
A11: 10 | B11: Björk | C11: 2
A12: 11 | B12: Oliver | C12: 2
A13: 12 | B13: Lísa | C13: 1
... A33: 32 | B33: Gunnar | C33: 1

Sheet DaysOff
A1: EmployeeID | B1: 1.5.2024 | C1: 2.5.2024 | D1: 3.5.2024 | E1: 4.5.2024 | F1: 5.5.2024 | G1: 6.5.2024 | H1: 7.5.2024 | I1: 8.5.2024 | J1: 9.5.2024 | K1: 10.5.2024 | L1: 11.5.2024 | M1: 12.5.2024 | N1: 13.5.2024 | O1: 14.5.2024 | P1: 15.5.2024 | Q1: 16.5.2024 | R1: 17.5.2024 | S1: 18.5.2024 | T1: 19.5.2024 | U1: 20.5.2024 | V1: 21.5.2024 | W1: 22.5.2024 | X1: 23.5.2024 | Y1: 24.5.2024 | Z1: 25.5.2024 | AA1: 26.5.2024 | AB1: 27.5.2024 | AC1: 28.5.2024 | AD1: 29.5.2024 | AE1: 30.5.2024 | AF1: 31.5.2024
A2: 1 | C2: 1 | D2: 1 | E2: 1 | AF2: 1
A3: 2 | J3: 1
A4: 3
A5: 4
A6: 5 | G6: 1 | H6: 1 | N6: 1
A7: 6
A8: 7 | Q8: 1 | R8: 1 | S8: 1 | T8: 1 | U8: 1
A9: 8
A10: 9 | D10: 1
A11: 10
A12: 11
A13: 12
A14: 13
A15: 14
A16: 15
A17: 16
A18: 17 | D18: 1 | E18: 1 | F18: 1 | G18: 1 | H18: 1 | I18: 1 | J18: 1 | K18: 1 | L18: 1 | M18: 1 | N18: 1 | O18: 1 | P18: 1
A19: 18
A20: 19
A21: 20
A22: 21
A23: 22
A24: 23 | E24: 1
A25: 24 | X25: 1 | Y25: 1 | Z25: 1 | AA25: 1
A26: 25
A27: 26
A28: 27
A29: 28
A30: 29 | H30: 1 | I30: 1 | J30: 1
A31: 30
A32: 31
A33: 32

Sheet EventReq
A1: =Events!B1 -> Event | B1: =Events!J1 -> Date | C1: =Employees!B2 -> Ásdís | D1: =Employees!B3 -> Helgi | E1: =Employees!B4 -> Össur | F1: =Employees!B5 -> Thelma | G1: =Employees!B6 -> Pétur | H1: =Employees!B7 -> Unnur | I1: =Employees!B8 -> Harpa | J1: =Employees!B9 -> Vala | K1: =Employees!B10 -> Freyja | L1: =Employees!B11 -> Björk | M1: =Employees!B12 -> Oliver | N1: =Employees!B13 -> Lísa | O1: =Employees!B14 -> Erla | P1: =Employees!B15 -> Rakel | Q1: =Employees!B16 -> Davíð | R1: =Employees!B17 -> Laufey | S1: =Employees!B18 -> Aron | T1: =Employees!B19 -> Sara | U1: =Employees!B20 -> Úlfur | V1: =Employees!B21 -> Máni | W1: =Employees!B22 -> Inga | X1: =Employees!B23 -> Helena | Y1: =Employees!B24 -> Kata | Z1: =Employees!B25 -> Ylfa | AA1: =Employees!B26 -> Jóna | AB1: =Employees!B27 -> Silja | AC1: =Employees!B28 -> Camilla | AD1: =Employees!B29 -> Nanna | AE1: =Employees!B30 -> Ólafur | AF1: =Employees!B31 -> Anna | AG1: =Employees!B32 -> Bergur | AH1: =Employees!B33 -> Gunnar
A2: =Events!B2 -> Upprás | B2: =Events!J2 -> 1.5.2024
A3: =Events!B3 -> How to | B3: =Events!J3 -> 1.5.2024 | C3: x | D3: x | E3: x | F3: x | G3: x | H3: x | I3: x | J3: x | K3: x | L3: x | M3: x | N3: x | O3: x | P3: x | Q3: x | R3: x | S3: x | T3: x | U3: x | V3: x | W3: x | X3: x | Y3: x | Z3: x | AA3: x | AB3: x | AC3: x | AD3: x | AE3: x | AF3: x | AG3: x | AH3: x
A4: =Events!B4 -> MúsikTilraunir | B4: =Events!J4 -> 1.5.2024
A5: =Events!B5 -> MúsikTilraunir | B5: =Events!J5 -> 2.5.2024
A6: =Events!B6 -> MúsikTilraunir | B6: =Events!J6 -> 3.5.2024 | C6: x
A7: =Events!B7 -> Krakka Sinfó | B7: =Events!J7 -> 4.5.2024
A8: =Events!B8 -> How to | B8: =Events!J8 -> 4.5.2024 | L8: x
A9: =Events!B9 -> Sígildir | B9: =Events!J9 -> 5.5.2024 | D9: x | M9: x
A10: =Events!B10 -> K&B | B10: =Events!J10 -> 5.5.2024
A11: =Events!B11 -> Múlinn | B11: =Events!J11 -> 8.5.2024 | C11: x
A12: =Events!B12 -> Sinfó | B12: =Events!J12 -> 9.5.2024
A13: =Events!B13 -> ABBA | B13: =Events!J13 -> 10.5.2024 | G13: x | M13: x
A14: =Events!B14 -> Gusgus | B14: =Events!J14 -> 11.05.2024 | D14: x
A15: =Events!B15 -> How to | B15: =Events!J15 -> 11.05.2024
A16: =Events!B16 -> Vitringar | B16: =Events!J16 -> 12.05.2024 | F16: x | I16: x | K16: x
A17: =Events!B17 -> Sígildir | B17: =Events!J17 -> 12.05.2024
A18: =Events!B18 -> Fatahengi | B18: =Events!J18 -> 13.05.2024 | L18: x
A19: =Events!B19 -> Fatahengi | B19: =Events!J19 -> 14.05.2024 | E19: x
A20: =Events!B20 -> Sinfó | B20: =Events!J20 -> 16.05.2024
A21: =Events!B21 -> How to | B21: =Events!J21 -> 17.05.2024
A22: =Events!B22 -> Abba | B22: =Events!J22 -> 18.05.2024 | K22: x
A23: =Events!B23 -> Sígildir | B23: =Events!J23 -> 19.05.2024
A24: =Events!B24 -> Upprás | B24: =Events!J24 -> 19.05.2024 | E24: x | H24: x
A25: =Events!B25 -> Krakka Sinfó | B25: =Events!J25 -> 20.05.2024 | N25: x
A26: =Events!B26 -> Múlinn | B26: =Events!J26 -> 23.05.2024
A27: =Events!B27 -> Fatahengi | B27: =Events!J27 -> 24.05.2024 | N27: x
A28: =Events!B28 -> Maxi | B28: =Events!J28 -> 25.05.2024 | I28: x
A29: =Events!B29 -> Krakka Sinfó | B29: =Events!J29 -> 26.05.2024
A30: =Events!B30 -> Múlinn | B30: =Events!J30 -> 30.05.2024
A31: =Events!B31 -> Fatahengi | B31: =Events!J31 -> 31.05.2024

Sheet ScoreKeys
A1: RuleType | B1: Key | C1: Score
A2: Weekend | B2: 0 | C2: 50
A3: Weekend | B3: 1 | C3: 30
A4: Weekend | B4: 2 | C4: 15
A5: Weekend | B5: 3 | C5: -10
A6: Weekend | B6: 4 | C6: -50
A7: Weekend_last_period | B7: 0 | C7: 50
A8: Weekend_last_period | B8: 1 | C8: 25
A9: Weekend_last_period | B9: 2 | C9: 0
A10: Weekend_last_period | B10: 3 | C10: -25
A11: Weekend_last_period | B11: 4 | C11: -50
A12: Weekend_last_period | B12: 5 | C12: -60
A13: Hall | B13: 0 | C13: 20
... A26: Shifs_this_length | B26: 1 | C26: -1
A27: Shifs_this_length | B27: 2 | C27: =+C26*2 -> -2
A28: Shifs_this_length | B28: 3 | C28: =+C27*2 -> -4
A29: Shifs_this_length | B29: 4 | C29: =+C28*2 -> -8
A30: Shift_over_six_hours | B30: 1 | C30: -50
A31: Req_this_shift | B31: 1 | C31: 65
A32: Category | B32: 0 | C32: 20
A33: Category | B33: 1 | C33: 0
A34: Category | B34: 2 | C34: -20
A35: Category | B35: 3 | C35: -60
A36: Category | B36: 4 | C36: -100

Sheet SkillsetScores
A1: ReqSkillset | B1: EmpSkillset | C1: Score
A2: 1 | B2: 3 | C2: -1000
A3: 1 | B3: 2 | C3: -1000
A4: 2 | B4: 3 | C4: -200
A5: 2 | B5: 1 | C5: -50
A6: 3 | B6: 3 | C6: 100
A7: 2 | B7: 2 | C7: 100
A8: 1 | B8: 1 | C8: 100
A9: 3 | B9: 2 | C9: -200
A10: 3 | B10: 1 | C10: -200

Sheet Score krass
A1: Mínus
A2: Helgi, kominn með aðra helgi | B2: Ef þú ert ekki kominn með neina vakt um helgi | C2: 50
B3: Ef þú ert kominn með 1 helgi | C3: 30
B4: Ef þú ert kominn með 2 helgar | C4: 15
B5: Ef þú ert kominn með 3 helgar | C5: -10
B6: Ef þú ert kominn með 4 helgar | C6: -50
A8: Helgi, var með helgi síðast | B8: Ef þú varst með 1 helgi | C8: 50
B9: Ef þú varst með 2 helgar | C9: 25
B10: Ef þú varst með 3 helgar | C10: 0
B11: Ef þú varst með 4 helgar | C11: -25
B12: Ef þú varst með 5 helgar | C12: -50
A14: Salur | B14: Ef þú ert búinn að fá 1 vakt í þessum sal á tímabilinu | C14: 20
B15: Ef þú ert búinn að fá 2 vaktir í þessum sal á tímabilinu | C15: 10
B16: Ef þú ert búinn að fá 3 vaktir í þessum sal á tímabilinu | C16: 0
B17: Ef þú ert búinn að fá 4 vaktir í þessum sal á tímabilinu | C17: -10
B18: Ef þú ert búinn að fá 5 vaktir í þessum sal á tímabilinu | C18: -20
A20: Vika | B20: Ef þú ert búinn að fá 1 vakt í þessari viku | C20: -10
B21: Ef þú ert búinn að fá 2 vaktir í þessari viku | C21: =+C20*2 -> -20
B22: Ef þú ert búinn að fá 3 vaktir í þessari viku | C22: =+C21*2 -> -40
B23: Ef þú ert búinn að fá 4 vaktir í þessari viku | C23: =+C22*2 -> -80
B24: Ef þú ert búinn að fá 5 vaktir í þessari viku | C24: =+C23*2 -> -160
A26: Hvað hún er löng | B26: Ef þú ert búinn að fá 1 vakt með þessa lengd | C26: -1
B27: Ef þú ert búinn að fá 2 vaktir með þessa lengd | C27: =+C26*2 -> -2
B28: Ef þú ert búinn að fá 3 vaktir með þessa lengd | C28: =+C27*2 -> -4
B29: Ef þú ert búinn að fá 4 vaktir með þessa lengd | C29: =+C28*2 -> -8
A31: Langar vaktir | B31: Ef þú ert búinn að fá vakt á þessu tímabili sem er lengri en 6 klst. | C31: -50
A33: Með hverjum?
A35: Skillset | B35: Ef þarf skillset 1 en þú ert ekki | C35: -1000
B36: Ef þarf skillset 2 en þú ert 3 | C36: -200
B37: Ef þarf skillset 2 en þú ert 1 | C37: -50
B38: Ef þarf skillset 1 og þú ert | C38: 1000
B39: Ef þarf skillset 2 og þú ert | C39: 100
B40: Ef þarf skillset 3 og þú ert | C40: 100
B41: Ef þarf skillset 3 og þú ert 1 eða 2 | C41: -200

Sheet EventTypes
A1: EventType | B1: EventCategory | C1: Hall | D1: EventRanking | E1: Skillset1 | F1: Skillset2 | G1: Employees
A2: Múlinn | B2: Solo | C2: BL | D2: 90 | E2: 0 | F2: 0 | G2: 1
A3: Barna EB | B3: Barna | C3: EB | D3: 70 | E3: 1 | F3: 2 | G3: 11
A4: Barna KL | B4: Barna | C4: KL | D4: 80 | E4: 0 | F4: 1 | G4: 2
A5: Sinfó | B5: Basic | C5: EB | D5: 50 | E5: 1 | F5: 3 | G5: 11
A6: EB | B6: Basic | C6: EB | D6: 70 | E6: 1 | F6: 4 | G6: 11
A7: How To | B7: Solo | C7: KL | D7: 100 | E7: 0 | F7: 0 | G7: 1
A8: Partý SB | B8: Party | C8: SB | D8: 70 | E8: 1 | F8: 2 | G8: 5
A9: Sígildir | B9: Solo | C9: NL | D9: 80 | E9: 0 | F9: 0 | G9: 1
A10: Partý EB | B10: Party | C10: EB | D10: 50 | E10: 1 | F10: 6 | G10: 11
A11: Fatahengi | B11: Fatahengi | C11: Fatahengi | D11: 100 | E11: 0 | F11: 0 | G11: 0
A12: SB | B12: Basic | C12: SB | D12: 80 | E12: 1 | F12: 1 | G12: 3
A13: KL | B13: Basic | C13: KL | D13: 40 | E13: 0 | F13: 1 | G13: 2
... A16: HH | B16: Solo | C16: HH | D16: 60 | E16: 0 | F16: 0 | G16: 1
