Workbook

Sheet Leiðbeiningar
B1: Leiðbeiningar fyrir hvern flipa
B3: Events
B4: Fylltu út í gráu reitina með upplýsingum um viðburði.
B5: Ath. Að EventType er fellilisti og því þarf ekki að handskrifa það inn - veljið úr listanum það sem á best við um hvern viðburð.
B6: Ef þú vilt breyta þeim upplýsingum sem koma sjálfkrafa inn má skrifa yfir þær.
B8: Employees
B9: Ekki er þörf á að breyta Employees flipanum nema breyting sé á starsfmönnum, annað hvort ef einhver hættir eða kemur nýr inn, eða ef skillset breytist
B12: DaysOff
B13: Breyttu dagsetningum í efstu línu í viðeigandi mánuð.
B14: Hægt er að skrifa fyrsta dag mánaðarins og draga restina af dögunum út frá þeirri dagsetningu til hægri
B15: Settu 1 ef starsfmaður er í fríi á valinni dagsetningu
B17: EventReq
... B24: Ekki þarf að breyta þessum flipum nema þú viljir hækka/lækka refsingu fyrir ákveðin atriði

Sheet Events
A1: EventID | B1: Event | C1: EventType | D1: EventCategory | E1: EventRanking | F1: Hall | G1: Skillset1 | H1: Skillset2 | I1: Employees | J1: Date | K1: ShiftBegins | L1: ShiftEnds
D2: =_xlfn.XLOOKUP(C2,EventTypes!$A:$A,EventTypes!B:B) -> 0 | E2: =_xlfn.XLOOKUP(C2,EventTypes!$A:$A,EventTypes!D:D) -> 0 | F2: =_xlfn.XLOOKUP(C2,EventTypes!$A:$A,EventTypes!C:C) -> 0 | G2: =_xlfn.XLOOKUP(C2,EventTypes!$A:$A,EventTypes!E:E) -> 0 | H2: =_xlfn.XLOOKUP(C2,EventTypes!$A:$A,EventTypes!F:F) -> 0 | I2: =_xlfn.XLOOKUP(C2,EventTypes!$A:$A,EventTypes!G:G) -> 0
D3: =_xlfn.XLOOKUP(C3,EventTypes!$A:$A,EventTypes!B:B) -> 0 | E3: =_xlfn.XLOOKUP(C3,EventTypes!$A:$A,EventTypes!D:D) -> 0 | F3: =_xlfn.XLOOKUP(C3,EventTypes!$A:$A,EventTypes!C:C) -> 0 | G3: =_xlfn.XLOOKUP(C3,EventTypes!$A:$A,EventTypes!E:E) -> 0 | H3: =_xlfn.XLOOKUP(C3,EventTypes!$A:$A,EventTypes!F:F) -> 0 | I3: =_xlfn.XLOOKUP(C3,EventTypes!$A:$A,EventTypes!G:G) -> 0
D4: =_xlfn.XLOOKUP(C4,EventTypes!$A:$A,EventTypes!B:B) -> 0 | E4: =_xlfn.XLOOKUP(C4,EventTypes!$A:$A,EventTypes!D:D) -> 0 | F4: =_xlfn.XLOOKUP(C4,EventTypes!$A:$A,EventTypes!C:C) -> 0 | G4: =_xlfn.XLOOKUP(C4,EventTypes!$A:$A,EventTypes!E:E) -> 0 | H4: =_xlfn.XLOOKUP(C4,EventTypes!$A:$A,EventTypes!F:F) -> 0 | I4: =_xlfn.XLOOKUP(C4,EventTypes!$A:$A,EventTypes!G:G) -> 0
D5: =_xlfn.XLOOKUP(C5,EventTypes!$A:$A,EventTypes!B:B) -> 0 | E5: =_xlfn.XLOOKUP(C5,EventTypes!$A:$A,EventTypes!D:D) -> 0 | F5: =_xlfn.XLOOKUP(C5,EventTypes!$A:$A,EventTypes!C:C) -> 0 | G5: =_xlfn.XLOOKUP(C5,EventTypes!$A:$A,EventTypes!E:E) -> 0 | H5: =_xlfn.XLOOKUP(C5,EventTypes!$A:$A,EventTypes!F:F) -> 0 | I5: =_xlfn.XLOOKUP(C5,EventTypes!$A:$A,EventTypes!G:G) -> 0
D6: =_xlfn.XLOOKUP(C6,EventTypes!$A:$A,EventTypes!B:B) -> 0 | E6: =_xlfn.XLOOKUP(C6,EventTypes!$A:$A,EventTypes!D:D) -> 0 | F6: =_xlfn.XLOOKUP(C6,EventTypes!$A:$A,EventTypes!C:C) -> 0 | G6: =_xlfn.XLOOKUP(C6,EventTypes!$A:$A,EventTypes!E:E) -> 0 | H6: =_xlfn.XLOOKUP(C6,EventTypes!$A:$A,EventTypes!F:F) -> 0 | I6: =_xlfn.XLOOKUP(C6,EventTypes!$A:$A,EventTypes!G:G) -> 0
D7: =_xlfn.XLOOKUP(C7,EventTypes!$A:$A,EventTypes!B:B) -> 0 | E7: =_xlfn.XLOOKUP(C7,EventTypes!$A:$A,EventTypes!D:D) -> 0 | F7: =_xlfn.XLOOKUP(C7,EventTypes!$A:$A,EventTypes!C:C) -> 0 | G7: =_xlfn.XLOOKUP(C7,EventTypes!$A:$A,EventTypes!E:E) -> 0 | H7: =_xlfn.XLOOKUP(C7,EventTypes!$A:$A,EventTypes!F:F) -> 0 | I7: =_xlfn.XLOOKUP(C7,EventTypes!$A:$A,EventTypes!G:G) -> 0
D8: =_xlfn.XLOOKUP(C8,EventTypes!$A:$A,EventTypes!B:B) -> 0 | E8: =_xlfn.XLOOKUP(C8,EventTypes!$A:$A,EventTypes!D:D) -> 0 | F8: =_xlfn.XLOOKUP(C8,EventTypes!$A:$A,EventTypes!C:C) -> 0 | G8: =_xlfn.XLOOKUP(C8,EventTypes!$A:$A,EventTypes!E:E) -> 0 | H8: =_xlfn.XLOOKUP(C8,EventTypes!$A:$A,EventTypes!F:F) -> 0 | I8: =_xlfn.XLOOKUP(C8,EventTypes!$A:$A,EventTypes!G:G) -> 0
D9: =_xlfn.XLOOKUP(C9,EventTypes!$A:$A,EventTypes!B:B) -> 0 | E9: =_xlfn.XLOOKUP(C9,EventTypes!$A:$A,EventTypes!D:D) -> 0 | F9: =_xlfn.XLOOKUP(C9,EventTypes!$A:$A,EventTypes!C:C) -> 0 | G9: =_xlfn.XLOOKUP(C9,EventTypes!$A:$A,EventTypes!E:E) -> 0 | H9: =_xlfn.XLOOKUP(C9,EventTypes!$A:$A,EventTypes!F:F) -> 0 | I9: =_xlfn.XLOOKUP(C9,EventTypes!$A:$A,EventTypes!G:G) -> 0
D10: =_xlfn.XLOOKUP(C10,EventTypes!$A:$A,EventTypes!B:B) -> 0 | E10: =_xlfn.XLOOKUP(C10,EventTypes!$A:$A,EventTypes!D:D) -> 0 | F10: =_xlfn.XLOOKUP(C10,EventTypes!$A:$A,EventTypes!C:C) -> 0 | G10: =_xlfn.XLOOKUP(C10,EventTypes!$A:$A,EventTypes!E:E) -> 0 | H10: =_xlfn.XLOOKUP(C10,EventTypes!$A:$A,EventTypes!F:F) -> 0 | I10: =_xlfn.XLOOKUP(C10,EventTypes!$A:$A,EventTypes!G:G) -> 0
D11: =_xlfn.XLOOKUP(C11,EventTypes!$A:$A,EventTypes!B:B) -> 0 | E11: =_xlfn.XLOOKUP(C11,EventTypes!$A:$A,EventTypes!D:D) -> 0 | F11: =_xlfn.XLOOKUP(C11,EventTypes!$A:$A,EventTypes!C:C) -> 0 | G11: =_xlfn.XLOOKUP(C11,EventTypes!$A:$A,EventTypes!E:E) -> 0 | H11: =_xlfn.XLOOKUP(C11,EventTypes!$A:$A,EventTypes!F:F) -> 0 | I11: =_xlfn.XLOOKUP(C11,EventTypes!$A:$A,EventTypes!G:G) -> 0
D12: =_xlfn.XLOOKUP(C12,EventTypes!$A:$A,EventTypes!B:B) -> 0 | E12: =_xlfn.XLOOKUP(C12,EventTypes!$A:$A,EventTypes!D:D) -> 0 | F12: =_xlfn.XLOOKUP(C12,EventTypes!$A:$A,EventTypes!C:C) -> 0 | G12: =_xlfn.XLOOKUP(C12,EventTypes!$A:$A,EventTypes!E:E) -> 0 | H12: =_xlfn.XLOOKUP(C12,EventTypes!$A:$A,EventTypes!F:F) -> 0 | I12: =_xlfn.XLOOKUP(C12,EventTypes!$A:$A,EventTypes!G:G) -> 0
D13: =_xlfn.XLOOKUP(C13,EventTypes!$A:$A,EventTypes!B:B) -> 0 | E13: =_xlfn.XLOOKUP(C13,EventTypes!$A:$A,EventTypes!D:D) -> 0 | F13: =_xlfn.XLOOKUP(C13,EventTypes!$A:$A,EventTypes!C:C) -> 0 | G13: =_xlfn.XLOOKUP(C13,EventTypes!$A:$A,EventTypes!E:E) -> 0 | H13: =_xlfn.XLOOKUP(C13,EventTypes!$A:$A,EventTypes!F:F) -> 0 | I13: =_xlfn.XLOOKUP(C13,EventTypes!$A:$A,EventTypes!G:G) -> 0
... D100: =_xlfn.XLOOKUP(C100,EventTypes!$A:$A,EventTypes!B:B) -> 0 | E100: =_xlfn.XLOOKUP(C100,EventTypes!$A:$A,EventTypes!D:D) -> 0 | F100: =_xlfn.XLOOKUP(C100,EventTypes!$A:$A,EventTypes!C:C) -> 0 | G100: =_xlfn.XLOOKUP(C100,EventTypes!$A:$A,EventTypes!E:E) -> 0 | H100: =_xlfn.XLOOKUP(C100,EventTypes!$A:$A,EventTypes!F:F) -> 0 | I100: =_xlfn.XLOOKUP(C100,EventTypes!$A:$A,EventTypes!G:G) -> 0

Sheet Employees
A1: EmployeeID | B1: EmployeeName | C1: Skillset
A2: 1 | B2: Agnes Anna | C2: 2
A3: 2 | B3: Alda | C3: 2
A4: 3 | B4: Anna Soffía | C4: 2
A5: 4 | B5: Arnar Ragn | C5: 2
A6: 5 | B6: Auður | C6: 2
A7: 6 | B7: Ágústa | C7: 2
A8: 7 | B8: Daníel | C8: 2
A9: 8 | B9: Elísabet | C9: 2
A10: 9 | B10: Elmar | C10: 2
A11: 10 | B11: Erna | C11: 2
A12: 11 | B12: Gaukur | C12: 2
A13: 12 | B13: Gréta | C13: 2
... A42: 41 | B42: Þórey | C42: 1

Sheet DaysOff
A1: EmployeeID | B1: 46174 | C1: 46175 | D1: 46176 | E1: 46177 | F1: 46178 | G1: 46179 | H1: 46180 | I1: 46181 | J1: 46182 | K1: 46183 | L1: 46184 | M1: 46185 | N1: 46186 | O1: 46187 | P1: 46188 | Q1: 46189 | R1: 46190 | S1: 46191 | T1: 46192 | U1: 46193 | V1: 46194 | W1: 46195 | X1: 46196 | Y1: 46197 | Z1: 46198 | AA1: 46199 | AB1: 46200 | AC1: 46201 | AD1: 46202 | AE1: 46203
A2: =Employees!A2 -> 1
A3: =Employees!A3 -> 2
A4: =Employees!A4 -> 3
A5: =Employees!A5 -> 4
A6: =Employees!A6 -> 5
A7: =Employees!A7 -> 6
A8: =Employees!A8 -> 7
A9: =Employees!A9 -> 8
A10: =Employees!A10 -> 9
A11: =Employees!A11 -> 10
A12: =Employees!A12 -> 11
A13: =Employees!A13 -> 12
... A42: =Employees!A42 -> 41

Sheet EventReq
A1: =Events!B1 -> Event | B1: =Events!J1 -> Date | C1: =Employees!B2 -> Agnes Anna | D1: =Employees!B3 -> Alda | E1: =Employees!B4 -> Anna Soffía | F1: =Employees!B5 -> Arnar Ragn | G1: =Employees!B6 -> Auður | H1: =Employees!B7 -> Ágústa | I1: =Employees!B8 -> Daníel | J1: =Employees!B9 -> Elísabet | K1: =Employees!B10 -> Elmar | L1: =Employees!B11 -> Erna | M1: =Employees!B12 -> Gaukur | N1: =Employees!B13 -> Gréta | O1: =Employees!B14 -> Guðný | P1: =Employees!B15 -> Hólmfríður | Q1: =Employees!B16 -> Hrafnkell | R1: =Employees!B17 -> Hrannar | S1: =Employees!B18 -> Jórunn | T1: =Employees!B19 -> Katrín Hel | U1: =Employees!B20 -> Katrín Sig | V1: =Employees!B21 -> Laufey | W1: =Employees!B22 -> Magnea | X1: =Employees!B23 -> Magnús | Y1: =Employees!B24 -> Margrét Lára | Z1: =Employees!B25 -> Orri | AA1: =Employees!B26 -> Palli | AB1: =Employees!B27 -> Rut | AC1: =Employees!B28 -> Sara B | AD1: =Employees!B29 -> Sara Júlía | AE1: =Employees!B30 -> Selma | AF1: =Employees!B31 -> Sigríður | AG1: =Employees!B32 -> Sveinn | AH1: =Employees!B33 -> Sæmundur | AI1: =Employees!B34 -> Valdís | AJ1: =Employees!B35 -> Vero | AK1: =Employees!B36 -> Védís | AL1: =Employees!B37 -> Unnar | AM1: =Employees!B38 -> Ömmi | AN1: =Employees!B39 -> Arnar | AO1: =Employees!B40 -> Róbert | AP1: =Employees!B41 -> Jara | AQ1: =Employees!B42 -> Þórey
A2: =Events!B2 -> 0 | B2: =Events!J2 -> 0
A3: =Events!B3 -> 0 | B3: =Events!J3 -> 0
A4: =Events!B4 -> 0 | B4: =Events!J4 -> 0
A5: =Events!B5 -> 0 | B5: =Events!J5 -> 0
A6: =Events!B6 -> 0 | B6: =Events!J6 -> 0
A7: =Events!B7 -> 0 | B7: =Events!J7 -> 0
A8: =Events!B8 -> 0 | B8: =Events!J8 -> 0
A9: =Events!B9 -> 0 | B9: =Events!J9 -> 0
A10: =Events!B10 -> 0 | B10: =Events!J10 -> 0
A11: =Events!B11 -> 0 | B11: =Events!J11 -> 0
A12: =Events!B12 -> 0 | B12: =Events!J12 -> 0
A13: =Events!B13 -> 0 | B13: =Events!J13 -> 0
... A60: =Events!B60 -> 0 | B60: =Events!J60 -> 0

Sheet EventTypes
A1: EventType | B1: EventCategory | C1: Hall | D1: EventRanking | E1: Skillset1 | F1: Skillset2 | G1: Employees
A2: Múlinn | B2: Solo | C2: BL | D2: 80 | E2: 0 | F2: 0 | G2: 1
A3: Barna EB | B3: Barna | C3: EB | D3: 70 | E3: 1 | F3: 2 | G3: 11
A4: Barna KL | B4: Barna | C4: KL | D4: 80 | E4: 0 | F4: 1 | G4: 2
A5: Sinfó | B5: Basic | C5: EB | D5: 50 | E5: 1 | F5: 3 | G5: 11
A6: EB | B6: Basic | C6: EB | D6: 70 | E6: 1 | F6: 4 | G6: 11
A7: How To | B7: Solo | C7: KL | D7: 100 | E7: 0 | F7: 0 | G7: 1
A8: Partý SB | B8: Party | C8: SB | D8: 70 | E8: 1 | F8: 2 | G8: 5
A9: Sígildir | B9: Solo | C9: NL | D9: 90 | E9: 0 | F9: 0 | G9: 1
A10: Partý EB | B10: Party | C10: EB | D10: 50 | E10: 1 | F10: 6 | G10: 11
A11: Fatahengi | B11: Fatahengi | C11: Fatahengi | D11: 80 | E11: 0 | F11: 0 | G11: 0
A12: SB | B12: Basic | C12: SB | D12: 80 | E12: 1 | F12: 1 | G12: 3
A13: KL | B13: Basic | C13: KL | D13: 40 | E13: 0 | F13: 1 | G13: 2
... A16: HH | B16: Solo | C16: HH | D16: 60 | E16: 0 | F16: 0 | G16: 1
A17: Einkaviðburður | B17: Einkaviðburður

Sheet SkillsetScores
A1: ReqSkillset | B1: EmpSkillset | C1: Score
A2: 1 | B2: 3 | C2: -10000
A3: 1 | B3: 2 | C3: -10000
A4: 2 | B4: 3 | C4: -200
A5: 2 | B5: 1 | C5: -50
A6: 3 | B6: 3 | C6: 100
A7: 2 | B7: 2 | C7: 100
A8: 1 | B8: 1 | C8: 100
A9: 3 | B9: 2 | C9: -200
A10: 3 | B10: 1 | C10: -200

Sheet ScoreKeys
A1: RuleType | B1: Key | C1: Score
A2: Weekend | B2: 0 | C2: 50
A3: Weekend | B3: 1 | C3: 30
A4: Weekend | B4: 2 | C4: 15
A5: Weekend | B5: 3 | C5: -10
A6: Weekend | B6: 4 | C6: -50
A7: Weekend_last_period | B7: 0 | C7: 50
A8: Weekend_last_period | B8: 1 | C8: 25
A9: Weekend_last_period | B9: 2 | C9: 0
A10: Weekend_last_period | B10: 3 | C10: -25
A11: Weekend_last_period | B11: 4 | C11: -50
A12: Weekend_last_period | B12: 5 | C12: -60
A13: Hall | B13: 0 | C13: 20
... A25: Shifs_this_length | B25: 1 | C25: -1
A26: Shifs_this_length | B26: 2 | C26: =+C25*2 -> -2
A27: Shifs_this_length | B27: 3 | C27: =+C26*2 -> -4
A28: Shifs_this_length | B28: 4 | C28: =+C27*2 -> -8
A29: Shift_over_six_hours | B29: 1 | C29: -50
A30: Req_this_shift | B30: 1 | C30: 100
A31: Category | B31: 0 | C31: 20
A32: Category | B32: 1 | C32: 0
A33: Category | B33: 2 | C33: -20
A34: Category | B34: 3 | C34: -60
A35: Category | B35: 4 | C35: -100
